,Aaron,eb0d,Arão
,Abaddon,ecd7,Abadom
,Abel,ea96,Abel
,Abiathar,e35f,Abiatar
,abide,e17b,permanecer
,Abijah,ea5b,Abías
,Abilene,ec4d,Abilene
,ability,e124,habilidade
,Abiud,ea6a,Abiúde
,abomination,e0a4,abominação
,about,e11b,cerca_de
,above,e110,acima_de
,Abraham,e373,Abraâo
,Abyss,ec4e,Abismo
,according_to,e24d,de_acordo_com
,accuse,e055,acusar
,Achaia,eb7c,Acaia
,Achaicus,eca5,Acaico
,Achim,ea6e,Aquim
,Adam,ec4f,Adão
,Addi,ec50,Adi
,Admin,ec51,Admin
,adopt,e177,adotar
,Adramyttium,eb93,Adramitino
,Adriatic_Sea,ec17,Mar_Adriático
,adultery,e027,Adultério
,Aeneas,ec2a,Eneias
,Aenon,eba1,Enom
,afraid,e056,com_medo
,after,e11d,depois_de
,Agabus,eb89,Ágabo
,against,e330,contra
,Agrippa,eb9d,Agripa
,Ahaz,ea61,Acaz
,air,e312,ar
,alabaster,e0d4,alabastro
,Alexander,ea14,Alexander
,Alexandria,eb5a,Alexandria
,alive,e09f,vivo
,all,e251,todos
,allow,e04a,permitir
,alone,e223,sozinho
,Alphaeus,ec24,Alfeu
,altar,ea3c,altar
,always,e252,sempre
,amazed,e14a,pasmados
,ambassador,ebfd,embaixador
,amen,e100,Amém
,Amminadab,ea51,Aminadabe
,Amon,ea64,Amom
,Amos,ec47,Amós
,Amphipolis,eb2e,Anfípolis
,Ampliatus,ebb9,Ampliatus
,Ananias,eb65,Ananias
,ancestor,ec80,antepassado
,and,e11c,e
,Andrew,e357,André
,Andronicus,ebba,Andrônico
,angel,e0a7,anjo
,anger,e204,raiva
,animal,e102,animal
,Anna,eb02,Anás
,Annas,eb63,Anás
,anointed,e033,ungido
,another,ebf2,mais_um
,Antichrist,ed0e,Anticristo
,Antioch,eb58,Antioquia
,Antipas,ec01,Antipas
,Antipatris,eb9a,Antipátride
,Apelles,ebbb,Apeles
,Apollonia,eb30,Apolonia
,Apollos,eb3e,Apolo
,apostle,ebef,apóstolo
,appear,e162,aparecer
,Apphia,ecf1,Áfia
,appointed,e041,nomeado
,Aquila,eb17,Áquila
,Arabia,eb77,Arábia
,Archippus,ece7,Arquipo
,Areopagus,ec35,Areopagus
,Aretas,eca6,Aretas
,argument,e057,argumento
,Arimathea,e34d,Arimateia
,arise,e322,Levantar-se
,Aristarchus,ec10,Aristarco
,Aristobulus,ebbc,Aristóbulo
,arm,e14e,braço
,armor,ebbd,armaduras
,army,e148,exército
,Arni,ec52,Arni
,around,e31b,ao_redor
,Arphaxad,ec53,Arfaxade
,arrest,e25f,prender
,arrow,ecbf,seta
,Artemas,ec34,Ártemas
,Asa,ea5c,Asa
,ash,ea90,cinza
,ashamed,e05f,envergonhado
,Asher,ebde,Aser
,Ashhur,ebdd,Terra_de_Aser
,Asia,eb6f,Ásia
,ask,e061,pergunta
,Assos,eb20,Assôs
,assurance,e070,certeza
,Asyncritius,ebbe,Asyncritius
,Athens,eb07,Atenas
,Attalia,eb31,Atália
,attendant,e150,assitente
,author,e12c,autor
,authority,e034,autoridade
,avenge,ed0c,Vingar-se
,awake,ec54,desperto
,away,e11e,longe
,Azor,ea6c,Azor
,Azotus,eb7e,Azoto
,Baal,ebbf,Baal
,baby,e0a6,bebê
,Babylon,ea67,Babilônia
,backward,e325,em_sentido_contrário
,bad,e17d,mau
,bag,e26f,saco
,Balaam,eca1,Balaão
,Balak,ebff,Balaque
,bank,ec55,banco
,baptism,e24a,batismo
,Barabbas,e36d,Barrabás
,Barachiah,ea97,Baraquias
,Barak,ed02,Baraque
,Barnabas,ec2f,Barnabé
,Barsabbas,eb69,Barsabbas
,Bartholomew,e362,Bartolomeu
,Bartimaeus,e36b,Bartimaeus
,basket,e19f,cesta
,battle,e283,batalha
,bear,ecef,suportar
,bear_with,e227,tolerar
,beast,e103,besta
,beat,e0e4,batimento
,beautiful,ea4a,belo
,because,e066,porque
,beckon,e040,acenar
,become_person,e83a,Tornar-se_pessoa
,become_thing,e839,Tornar-se_uma_coisa
,bed,e122,cama
,Beelzebul,e335,Beelzebul
,before,e107,antes
,beg,e21e,implorar
,beginning,e231,começar
,behind,e116,atrás
,believe,e06f,crer
,Believer,eb90,Crente
,belt,e29d,cinto
,Benjamin,eb4b,Benjamim
,Beor,eda3,Beor
,Berea,eb13,Bereia
,Bernice,eb9e,Berenice
,beside,e117,ao_lado
,best,e21f,melhor
,Bethany,e349,Beânia
,Bethesda,eba0,Betesda
,Bethlehem,ea45,Belém
,Bethphage,e348,Betfagé
,Bethsaida,e340,Betsaida
,betray,e195,trair
,better,e09e,melhor
,between,e118,entre
,Bible,e22c,Bíblia
,big,e120,grande
,bird,e25c,pássaro
,birth,e235,nascimento
,Bithynia,eb48,Bitínia
,bitter,ecd2,amargo
,black,eb86,preto
,blaspheme,e05b,blasfemar
,Blastus,eb8d,Blasto
,blemish,ed01,defeito
,bless,e05c,abençoar
,blessed,ea21,abençoado
,blind,e192,cego
,blood,e087,sangue
,blue,ecda,azul
,boast,e14b,alardear
,boat,e265,barco
,Boaz,ea54,Boaz
,body,e143,corpo
,bone,e0b2,osso
,book,e22a,livro
,bottom,e119,fundo
,bow,e210,arco
,bow_arrow,ecc8,Arco-flecha
,bowl,e384,taça
,box,e29e,caixa
,boy,e001,menino
,boys,e002,meninos
,branch,e246,ramificar
,brave,e196,valente
,bread,e05d,pão
,break,e0e1,partir
,breastplate,ecd5,peitoral
,breath,ecee,fõlego
,bribe,ebdb,subornar
,bride,e015,noiva
,bright,e21b,brilhante
,bring,e088,trazer
,bronze,eb2c,bronze
,brother,e006,irmão
,brothers,e007,irmãos
,build,e17a,edificar
,building,e0a1,edificando
,burden,ec86,fardo
,burn,ecd0,queimar
,bury,e0d7,enterrar
,but,e11a,porêm
,buy,e32a,comprar
,Caesar,e370,César
,Caesarea,e346,Cesareia
,Caiaphas,ea77,Caifás
,Cain,ec56,Caim
,camel,e29f,camelo
,Cana,eba2,Caná
,Canaan_land,e33d,Canaã
,Candace,eb85,Candace
,Capernaum,e33a,Cafarnaum
,Cappadocia,eb74,Capadócia
,careful,e19e,cuidado
,carpenter,e14f,carpintero
,Carpus,ecad,Carpo
,case,ec87,caso
,catch,e115,pegar
,Cauda,ec36,Cauda
,Cenchrea,eb3d,Cencreia
,census,e0b8,censo
,centurion,eb7a,centurião
,Cephas,e356,Cefas
,ceremony,ec88,cermônia
,chair,e298,cadeira
,Chaldea,eb0e,Caldéia
,change,e31e,mundança
,chapter,e230,capítulo
,chariot,ec82,carruagem
,child,e200,criança
,children,e201,crianças
,Chios,eb22,Quios
,Chloe,ebe2,Cloé
,choose,e021,escolher
,Chorazin,ea8f,Corazim
,Christ,e334,Cristo
,church,ebfc,igreja
,Chuza,ec57,Cuza
,Cilicia,eb5b,Cilícia
,circumcise,e250,circuncidar
,citizen,eb98,cidadão
,Claudia,ecae,Cláudia
,Claudius,eb8a,Cláudio
,clay,ebec,argila
,clean,e248,limpo
,Clement,ece3,Clemente
,Cleopas,ec58,Cleopas
,cloak,ea76,capa
,Clopas,ebb5,Clopas
,close,e300,fechar
,closed,e23f,fechado
,clothe,e147,vestir
,clothing,e253,roupas
,cloud,e26e,nuvem
,Cnidus,ec14,Cnido
,cold,e0f2,frio
,color,e284,Cor
,Colossae,ece8,Colossa
,come,e25a,vir
,come_out,e243,sair
,comfort,ea3b,conforto
,command,e058,comando
,commandment,e22f,mandamento
,compassion,e01a,compaixão
,complete,ecec,completo
,condemn,ea7f,condenar
,confession,e03f,confissão
,confuse,eb08,confundir
,continue,e049,continuar
,control,e332,controlar
,Corinth,ea59,Corinto
,Cornelius,eb81,Cornélio
,corner,eb83,esquina
,cornerstone,e21c,A_pedra_angular
,correct,e09a,corrigir
,Cosam,ec59,Cosã
,couch,eb5f,sofá
,council,e0f7,concílio
,counted,ebc0,contado
,country,e0a2,país
,countrymen,e157,compatriotas
,countryside,eb96,região_rural
,courtyard,e0f6,pátio
,covenant,e21d,pacto
,cover,e39a,cobrir
,covet,e022,cobiçar
,cow,eb36,vaca
,create,e076,criar
,creation,ebc3,criação
,Creator,ec22,Criador
,Crescan,ecaf,Crescan
,Crete,ec8d,Creta
,Crispus,eb3a,Crispo
,crooked,eb39,torcido
,cross,e038,cruz
,crowd,e128,multidão
,crown,eda4,coroa
,crucify,e03c,crucificar
,crush,e146,esmagar
,cry,e20c,chorar
,cup,e274,copo
,curse,e05a,maldição
,curtain,e254,cortina
,Cush,ec32,Cuxe
,cushion,e26c,amortecer
,custom,eb10,costume
,cut,e24e,cortar
,cymbal,ebe3,címbalo
,Cyprus,eb88,Chipre
,Cyrene,eb59,Cirene
,Dalmanutha,e344,Dalmanuta
,Dalmatia,ecb1,Dalmatía
,Damaris,eb37,Dâmaris
,Damascus,ec31,Damasco
,dance,e259,danzar
,Daniel,ea78,Daniel
,dark,ea17,escuro
,daughter,e00c,filha
,daughters,e00d,filhas
,David,e35e,Davi
,day,e15f,dia
,dead,e181,morto
,deaf,e191,surdo
,Decapolis,e33e,Decápolis
,deceive,e17f,enganar
,deceiver,e152,enganador
,deep,e321,profundo
,Demes,ecb2,Demes
,Demetrius,eb1a,Demétrio
,demon,eb87,demônio
,denarius,e165,denário
,deny,e0e5,negar
,Derbe,eb43,Derbe
,descend,e317,descer
,descendant,eb60,descendente
,desert,e156,deserto
,deserve,e0f5,merecer
,desire,e020,desejo
,destroy,e141,destruir
,Didymus,ebb6,Dídimo
,different,ecff,diferente
,difficult,e093,difícil
,dignify,e04b,dignificar
,Dionysius,eb78,Dionísio
,Diotrephes,ece2,Diótrefes
,direction,e323,direção
,dirt,e15b,sujeira
,dirty,e249,sujo
,disciple,e142,discípulo
,discipline,eda5,disciplina
,discourage,e261,desencorajar
,disease,e20a,doença
,disobedience,e193,desobediência
,divide,e326,dividir
,divorce,ea3d,divórcio
,do,e08c,fazer
,doctor,e144,médico
,dog,e104,cão
,dominion,e032,domínio
,donkey,ea09,asno
,door,e23e,porta
,Dorcas,ec2c,Dorcas
,doubt,e194,dúvida
,dough,ea36,massa
,dove,e25e,pomba
,down,e319,baixo
,dragon,ecdf,dragão
,dream,ea80,sonhar
,drunk,ea8d,bêbado
,Drusilla,eb9c,Drusila
,dry,e188,seco
,dust,e15d,poeira
,eagle,ecc9,águia
,ear,e299,orelha
,earth,e153,terra
,earthquake,e159,terremoto
,east,ea38,leste
,easy,e092,fácil
,eat,e053,comer
,Eber,ec5a,Héber
,Egypt,ea44,Egito
,eight,e293,oito
,Elam_land,eb6d,Elão
,elder,eb62,anciãos
,Eleazar,ea70,Eleazar
,elect,ec9f,eleger
,Eli,ec44,Eli
,Eliakim,ea6b,Eliaquim
,Eliezer,ec5b,Eliézer
,Elijah,e36a,Elias
,Elisha,ec5c,Eliseu
,Eliud,ea6f,Eliúde
,Elizabeth,ec3a,Isabel
,Elmadam,ec5d,Elmadã
,Emmaus,ec5e,Emaús
,Emmor,eb5d,Hamor
,empty,e277,esvaziar
,encourage,e262,encorajar
,end,e232,fim
,endure,e170,durar
,enemy,e025,inimigo
,enmity,e01b,inimizade
,Enoch,ec5f,Enoque
,Enos,ec60,Enos
,enter,e242,entrar
,Epaenetus,ebc1,Epêneto
,Epaphras,ece4,Epafras
,Ephesus,ec0c,Éfeso
,Ephraim_land,eba4,Cidade_Efraim
,Ephraim_man,eba3,Efraim
,Epicurean,ec05,Epicureus
,equal,e24b,igual
,Er,ec61,Er
,Erastus,ec0e,Erasto
,Esau,ebc2,Esaú
,Esli,ec49,Esli
,Eubulus,ecb3,Êubulo
,Eunice,ecb4,Eunice
,eunuch,eb8f,eunuco
,Euodia,ece5,Euodia
,Euphrates_River,ecd8,Rio_Eufrates
,Eutychus,eb1f,Êutico
,evangelist,e13f,evangelista
,Eve,ebeb,evangelista
,evening,e273,noite
,everyone,e140,todos
,everything,e114,tudo
,everywhere,e155,em_toda_parte
,example,ecf0,exemplo
,explain,e059,explicar
,eye,e238,olho
,face,e203,face
,Fair_Haven,ec18,Refúgio_Justo
,faithful,e219,fiel
,fall,e218,cair
,family,e176,família
,famine,e18d,fome
,far,e197,longe
,farewell,ec83,despedida
,farm,eb91,fazenda
,farmer,e133,agricultor
,fast_no_eat,e18e,jejuar_não_comer
,fast_speed,e21a,rápida_velocidade
,fat,ea86,gordo
,fat_animal,eb11,graxa_animal
,father,e003,pai
,feast,e054,festa
,Felix,eb99,Félix
,festival,e20b,festival
,few,e19b,poucos
,fig,eda2,figo
,fill,e278,preencher
,find,e101,encontrar
,finger,eba5,dedo
,fire,e301,fogo
,first,e233,primeiro
,fish,e263,peixe
,fisherman,e264,pescador
,five,e290,cinco
,fix,e09d,consertar
,flesh,e26b,carne
,flip,e31d,sacudir
,flood,ece0,inundar
,flour,ea35,farinha
,flower,eb24,flor
,flute,ea8b,flauta
,fly,e25b,voar
,follow,e13e,seguir
,fool,ea7c,tolo
,foot,e13d,pé
,for,e086,para
,foreigner,e158,estrangeiro
,foreknowledge,eb79,presciência
,forest,ec27,floresta
,forgive,e18f,perdoar
,Fortunatus,eca4,Fortunato
,forward,e318,adiante
,foundation,e179,fundação
,four,e28f,quatro
,fox,ea8a,raposa
,fragrant,e097,perfumado
,free,e260,livre
,free_no_cost,ebe4,livre_sem_costo
,Freedmen,ec8e,Libertos
,friend,e024,amigo
,frog,ecf6,rã
,from,e31a,desde
,fruit,e27e,fruta
,fulfill,e0d2,cumprir
,full,e276,cheio
,futile,e190,fútil
,future,e16e,futuro
,Gabriel,ec39,Gabriel
,Gad,ecbd,Gade
,Gadara,e33f,Gadara
,gain,e1a3,ganho
,Gaius,ec0f,Gaio
,Galatia,eb46,Galácia
,Galilee,e337,Galileia
,Gallio,eb3b,Gálio
,Gamaliel,eb4d,Gamaliel
,gate,e289,portão
,gathered_people,e126,pessoas_reunidas
,gathered_things,e108,coisas_reunidas
,Gaza,eb7f,Gaza
,generation,e019,generação
,Gennesaret,e341,Genesaré
,gentle,e26d,amável
,Gethsemane,e34a,Getsêmani
,Gideon,ed03,Gideão
,gift,e072,presente
,girl,e009,menina
,girls,e00a,meninas
,glass,ecde,vidro
,glorify,e217,glorificar
,gluttony,ea8c,glutonaria
,go,e381,ir
,go_down,e080,descer
,goat,ea7d,bode
,God,e036,Deus
,godly,e130,piedoso
,Gog,ecf7,Gogue
,gold,eb2a,ouro
,Golgotha,e34b,Gólgota
,Gomorrah,ea7a,Gomorra
,gong,ebe5,gongo
,good,e096,bom
,good_news,e22b,boas_novas
,governor,e0a3,governador
,grace,e01f,graça
,grain,e279,grão
,grape,ecf4,uva
,grass,ea33,grama
,grateful,e20e,grato
,grave,e178,sepultar
,Greece,e345,Grécia
,greed,ea94,cobiça
,green,ecd1,verde
,greeting,e051,saudação
,grieve,e207,entristecer
,grind,e83d,moer
,groom,e013,noivo
,grow,e154,crescer
,guard,e0c1,guarda
,guilt,ea84,culpa
,Hagar,ecab,Agar
,hail,ea13,saraiva
,hail_storm,ecdd,tormenta_granizo
,hair,e208,cabelo
,half,ea22,metade
,hand,e071,mão
,happy,e205,feliz
,Haran_land,eb0b,Harã
,hard,e269,difícil
,harlot,ecfc,prostituta
,harp,ecc6,harpa
,harsh,eca7,áspero
,harvest,e082,colheita
,harvester,e139,segador
,have,e083,ter
,have_to,e07f,tem_que
,head,e206,cabeça
,heal,e084,curar
,health,e209,cura
,heart,e29a,coração
,heaven,e380,céu
,heavy,e0e7,pesado
,Hebrew,ec8f,Hebreus
,hedge,e28a,cerca
,height,ecc1,altura
,heir,e018,herdeiro
,hell,e0d1,inferno
,help,e13a,ajudar
,here,e212,aqui
,Hermas,ebc4,Hermas
,Hermes_idol,eb2f,Hermes_ídolo
,Hermes_man,ebed,Hermes
,Hermogenes,ecb5,Hermógenes
,Herod,e360,Herodes
,Herodians,ea05,Herodianos
,Herodias,e355,Herodias
,Herodion,ebf1,Herodião
,Hezekiah,ea62,Ezequias
,Hezron,ea4f,Hezrom
,hide,e085,esconder
,Hierapolis,ece9,Hierápolis
,hill,e202,monte
,hire,e13b,contratar
,hole,e302,orifício
,holy,e13c,santo
,honey,e052,mel
,honor,e031,honra
,hope,e213,esperança
,horn,ecc5,chifre
,horse,e303,cabalo
,hosanna,e216,Hosana
,Hosea,ebc5,Oseias
,hour,e331,hora
,house,e171,casa
,how,e068,como
,how_long,e83c,quanto_tempo
,human_nature,e23d,natureza_humana
,humble,e19d,humilde
,humiliate,e065,humilhar
,hungry,e01e,faminto
,hurt,e24f,ferir
,husband,e012,esposo
,Hymenaeus,ecaa,Himeneu
,hymn,e0e3,hino
,I,e166,I
,Iconium,ec1f,Icônio
,idol,e35d,ídolo
,Idumea,e378,Idumeia
,if,e111,se
,ignorance,e06e,ignorância
,Illyricum,ebc6,Ilírico
,immeasurable,e18c,imensurável
,immediately,e215,imediatamente
,important,ebe7,importante
,impossible,e180,impossível
,in,e240,em
,in_front,e112,em_frente
,incense,ec98,incenso
,inheritance,e017,herança
,insect,e304,inseto
,iron,eb29,ferro
,Isaac,e374,Isaque
,Isaiah,e372,Isaías
,island,eb05,ilha
,Israel,ea04,Israel
,Issachar,ecce,Issacar
,Italy,ec90,Itália
,Ituraea,ec3e,Itureia
,Jacob,e375,Jacó
,Jairus,e367,Jairo
,Jambres,ecbc,Jambres
,James,e358,Tiago
,James_the_Disciple,e376,Tiago_o_Discípulo
,Jannai,ec46,Janai
,Jannes,ecbe,Janes
,jar,e0d5,jarra
,Jared,ec62,Jarede
,Jason,eb64,Janom
,Jechoniah,ea66,Jeconias
,Jehoshaphat,ea5d,Josafá
,Jephthah,ed04,Jefté
,Jeremiah,ea28,Jeremias
,Jericho,ea08,Jericó
,Jerusalem,e338,Jerusalém
,Jesse,ea58,Jessé
,Jesus,e037,Jesus
,Jesus_not_Christ,eb03,Jesus_não_Cristo
,Jew,e0f9,Judeus
,Jezebel,eca2,Jezabel
,Joanan,ec4c,Joanã
,Joanna,ec63,Joana
,Job,ed0b,Jó
,Joel,ec92,Joel
,John,e35a,João
,John_the_Baptist,e336,João_o_Batista
,Jonah,e0c5,Jonas
,Jonah_Simons_father,ea29,Jonas_pai_Simão
,Jonam,ec9b,Jonã
,Joppa,ec2d,Jope
,Joram,ea5e,Jorão
,Jordan_River,e34f,Rio_Jordão
,Jorim,ec64,Jorim
,Joseph,ea15,José
,Joses,e369,José
,Josiah,ea65,Josias
,Jotham,eb82,Jotão
,Jothan,ea60,Jothan
,Juda,e368,Judas
,Judah,ea4b,Judá
,Judas_Iscariot,e365,Judas_Iscariotes
,Judea,e339,Judeia
,judge,e1a2,juíz
,Julia,ebc7,Júlia
,Julius,ec07,Júlio
,jump,ed0a,saltar
,Junia,ebc8,Júnias
,justice,ea25,justiça
,justify,eb4f,justificar
,Justus,eb6a,Justo
,keep,e099,manter
,key,ea9d,chave
,Kidron_Valley,eba6,Vale_Cedrom
,kind_nice,e01c,amável__gentil
,kind_same,ed00,amável_mesmo
,king,e028,rei
,kingdom,e02f,reino
,Kish,eb49,Quis
,kiss,e0e8,beijo
,kneel,e138,ajoelhar
,knock,eb8b,bater
,knot,e30e,atar
,know,e062,conhecer
,Korah,ecf3,Corá
,lake,ec65,lago
,Lamech,ec66,Lameque
,lamp,e164,lámpada
,lampstand,e281,candelabro
,language,ea23,língua
,Laodicea,ebf9,Laodiceia
,Lasea,ec16,Lasea
,last,e234,última
,late,e225,tarde
,Latin,eba8,Latim
,laugh,e224,rir
,lawlessness,e08f,ilegalidade
,Lazarus,ec67,Lázaro
,lead,e137,liderança
,leaf,e0b3,folha
,lease,e175,arrendamento
,least,e397,mínimo
,leather,e255,couro
,leaven,e32d,fermentar
,left,e0f4,esquerda
,leg,ebe0,perna
,Legion,e366,Legião
,length,ecc2,comprimento
,leopard,ecf8,leopardo
,leprosy,e382,lepra
,letter,eb84,carta
,level,e0d9,nível
,Levi,eb1b,Levi
,Levi_Matthew,e35c,Levi_Mateus
,Levite,eb44,Levita
,lie_down,e121,deitar
,lift,e081,levantar
,light,e0c2,luz
,lightning,ea88,relâmpago
,linen,ea20,linho
,Linus,ecb0,Lino
,lion,ecb6,leão
,locust,ecd4,gafanhoto
,Lois,ecb7,Loide
,longsuffering,e16f,longo_sofrimento
,looks_like,ebcd,parece_que
,lost,e089,perdido
,lot,ea16,lote
,Lot,ebdc,Ló
,loud,ebe8,em_alta_voz
,lower_adj,e324,baixo_adj.
,Lucius,ec93,Lúcio
,Luke,eb68,Lucas
,lunatic,e06d,lunático
,lust,e239,concupiscência
,Lybia,eb73,Líbia
,Lycaonia,eb51,Licaônia
,Lycia,ec13,Lícia
,Lydda,ec2e,Lida
,Lydia,eb50,Lídia
,Lysanias,ec40,Lisânias
,Lysias,ec37,Lísias
,Maath,ec4b,Maate
,Macedonia,ec0d,Macedônia
,Magadan,ea30,Magadan
,magician,ec8a,mágico
,Magog_land,ecf9,Magogue
,Mahalalel,ec68,Maalalel
,Malchus,ebb7,Malco
,Malta,ec19,Malta
,man,e000,homem
,Manaen,eb40,Manaém
,Manasseh,ea63,Manassés
,manna,eba9,maná
,many,e198,muitos
,Mark,e371,Marcos
,market_place,e02e,mercado
,marriage,e010,matrimônio
,Martha,ec69,Marta
,Mary,e354,Maria
,Mary_Magdalene,e353,Maria_Madalena
,Mattatha,ec9c,Matatá
,Mattathias,ec9d,Matatias
,Matthan,ea71,Matã
,Matthat,ed12,Matate
,Matthew,eb04,Mateus
,mature,e236,maduro
,meaning,ecfa,significado
,measure,e305,medida
,Media,eb70,Média
,Megiddo,ecfb,Megido
,Melchi,ec45,Melqui
,Melchizedek,ed05,Melquisedeque
,Melea,ec6a,Meleá
,member,e174,membro
,Menna,ec6b,Mená
,mercy,e01d,misericórdia
,Mesopotamia,eb72,Mesopotâmia
,message,e22d,mensagem
,messenger,e136,mensageiro
,metal,eb28,metal
,Methuselah,ec6c,Metusalém
,Michael_angel,ece1,Micael
,Midian_land,eb0f,Midiã
,Miletus,eb23,Mileto
,milk,eca3,leite
,million,ecd9,Milhão
,mind,e06c,mente
,miracle,e095,milagre
,Miriam,e385,Miriã
,mirror,ebe6,espelho
,Mitylene,eb21,Mitilene
,Mnason,eb26,Mnasom
,mock,ea12,zombar
,Molech,ec26,Moloque
,money,e029,dinheiro
,month,e34c,mês
,moon,e272,lua
,more,e199,mais_tarde
,morning,e163,manhã
,Moses,e35b,Moisés
,most,e229,o_mais
,mother,e00b,mãe
,Mount_of_Olives,e351,Monte_das_Oliveiras
,Mount_Sinai,eb5c,Monte_Sinai
,Mount_Zion,ecf5,Monte_Sião
,mountain,e306,montanha
,move,e32f,mover
,murderer,ea10,assassino
,mustard,e039,mostarda
,mute,e050,mudo
,Myra,ec28,Mirra
,myrrh,e245,mirra
,Mysia,eb4a,Mísia
,mystery,e18b,mistério
,Naaman,ec6d,Naamã
,Naggai,ec4a,Nagai
,Nahor,ec6e,Naor
,Nahshon,ea52,Naassom
,Nahum,ec48,Naum
,nail,ebaa,unha
,Nain,ea48,Naim
,name,e04f,nome
,Naphtali,ea40,Naftali
,Narcius,ebc9,Narcius
,Nathan,ec6f,Natã
,Nazareth,e34e,Nazaré
,neck,e0d3,pescoço
,needle,e078,agulha
,neighbor,e173,vizinho
,Neopolis,eb4e,Neopolis
,Nereus,ebca,Nereu
,Neri,ec70,Neri
,net,e307,rede
,new,e308,novo
,Nicanor,eb55,Nicanor
,Nicodemus,ebab,Nicodemos
,Nicolaus,eb56,Nicolaus
,Nicopolis,ed08,Nicópolis
,nine,e294,nove
,Nineveh,e0c6,Nínive
,no,e17c,não
,Noah,ea43,Noé
,noise,ebe9,ruído
,north,ea74,norte
,nose,e309,nariz
,number,e0b7,número
,Nympha,ecea,Ninfa
,Obed,ea56,Obede
,obedience,e04e,obediência
,ocean,e14d,oceano
,offering,e03a,oferta
,oil,e030,óleo
,old,e189,velho
,olive,eda1,oliva
,Olympus,ebcb,Olimpo
,on,e113,em
,one,e28c,um
,Onesimus,ecb8,Onésimo
,open,e18a,aberto
,or,e106,ou
,other,e184,outro
,out,e241,for_a
,owe,ea49,dever
,own,eced,próprio
,ox,ea85,boi
,Pamphylia,eb6e,Panfília
,Paphos,eb9f,Pafos
,paralyze,e131,paralisar
,Parmenas,eb57,Pármenas
,part,e29b,parte
,Parthia,eb0a,Partos
,pass,e10b,passar
,passion,ebac,paixão
,Passover,e20d,Páscoa
,past,e16d,passado
,pastor,ecc3,pastor
,Patara,ec23,Pátara
,path,e23c,caminho
,Patmos,ebf4,Patmos
,Patrobas,ebcc,Pátrobas
,Paul,e377,Paulo
,pavement,ebad,calçada
,peace,e123,paz
,Peleg,ec71,Pelegue
,pen,e29c,caneta
,pentecost,ec81,pentecostes
,people,e127,pessoas
,perceive,e06a,perceber
,Perez,ea4c,Perez
,Perga,eb47,Perge
,Pergamum,ebf6,Pérgamo
,persecute,e03e,perseguir
,Persis,ebce,Pérside
,person,e11f,pessoa
,Phanuel,ec3c,Fanuel
,Pharaoh,ec94,Faraó
,Pharisee,e383,Fariseu
,Philadelphia,ebf8,Filadélfia
,Philemon,ecf2,Filemom
,Philetus,ecac,Fileto
,Philip,e361,Filipe
,Philippi,e347,Filipos
,Philologus,ebcf,Filólogo
,philosopher,ec04,filósofo
,Phlegon,ebd1,Flegonte
,Phoebe,ebd2,Febe
,Phoenicia,e343,Fenícia
,Phoenix,ec29,Fenice
,Phrygia,eb76,Frígia
,Phygelus,ecb9,Fígelo
,pig,e30a,porco
,pigeon,e0b6,pomba
,Pilate,e36f,Pilatos
,pillar,eca8,pilar
,Pisidia,eb97,Písida
,plan,e06b,plano
,plant,e244,plantar
,plate,e386,prato
,plow,ec72,arado
,Pontus,eb75,Ponto
,poor,ea3a,pobre
,porch,eb5e,pórtico
,Porcius,ec38,Pórcio
,possible,e098,possível
,pour,e0d6,derramar
,pray,e05e,orar
,preach,e04d,pregar
,preacher,e134,pregador
,precious,ea37,precioso
,pregnant,e0a5,grávido
,prepare,e091,preparar
,press,e228,pressão
,pretend,e094,fingir
,prevail,eb14,prevalecer
,priest,e03b,sacerdote
,prince,eb61,principe
,Priscilla,eb18,Priscila
,prison,e172,cárcere
,prisoner,e145,preso
,Prochorus,eb53,Prócoro
,profit,e035,lucro
,promise,e37a,pormessa
,prophesy,e23b,profetizar
,prophet,e135,profeta
,proverb,ec73,provérbio
,Psalm,e0e2,salmo
,Ptolemais,ec08,Ptolemaida
,Publius,ec1a,Públio
,Pudens,ecba,Prudente
,purple,e286,púpura
,put,e07e,pôr
,Puteoli,ec1e,Putéoli
,Pyrrhus,eb1c,Pirro
,Quartus,ebd3,Quarto
,queen,eb15,rainha
,quiet,e185,quieto
,Quirinius,ec3b,Quirino
,Rachel,ea41,Raquel
,Rahab,ea55,Raabe
,rain,ea3e,chuva
,rainbow,ecdc,arco_Iris
,Ram,ea50,Rão
,Ramah,ea42,Ramá
,Rebekah,ebd4,Rebeca
,rebuke,e060,repreender
,reconcile,e026,conciliar
,red,e287,vermelho
,redeem,e02c,redimir
,reed,ea26,junco
,Rehoboam,ea5a,Roboão
,religion,ec33,religião
,remain,e83b,permanecer
,remember,e0d8,lembrar
,repent,e320,Arrepender-se
,rescue,e214,resgatar
,result,e237,resultado
,resurrect,e329,ressucitar
,Reu,ec74,Reú
,Reuben,ecc0,Rúben
,reward,e02d,recompensa
,Rhegium,ec1d,Régio
,Rhesa,ec75,Resa
,Rhoda,eb92,Rode
,Rhodes,eb25,Rodes
,right,e0f3,reto
,right_time,ed10,tempo_certo
,righteous,e090,justo
,ring,ebdf,anel
,river,e30b,rio
,robber,e0e9,ladrão
,rock,e26a,rocha
,Rome,eb16,Roma
,room,eb06,quarto
,rooster,e25d,galo
,root,e15c,raiz
,rough,ec99,rude
,Rufus,e36e,Rufo
,run,e258,corre
,Ruth,ea57,Rute
,Sabbath,e160,sábado
,sacrifice,e0b5,sacrifício
,Sadducee,ea03,Saduceus
,sail,e267,vela
,Salamis,ebe1,Salamina
,Salathiel,ec76,Salatiel
,Salim,ebae,Salim
,Salmon,ea53,Salmom
,Salmone,ec15,Salmona
,Salome,e379,Salomé
,salt,e046,sal
,salvation,eb80,salvação
,Samaria,ea83,Samaria
,Samaritan,ea7b,Samaritana
,Samos,ec25,Samos
,Samothrace,eb4c,Samotrácia
,Samson,ed06,Sansão
,Samuel,eb8e,Samuel
,sanctuary,eb01,santuário
,sand,ecfd,areia
,Sapphira,eb66,Safira
,Sarah,ebd5,Sara
,Sardis,ebf7,Sardes
,Saul,eb54,Saul
,savior,ec85,salvador
,scatter,ea34,dispersar
,Sceva,eb19,Ceva
,scorpion,ec77,escorpião
,Scythia,eceb,Cita
,Sea_of_Galilee,e350,Mar_da_Galileia
,Sea_of_Reeds,eb0c,Mar_de_Vermelho
,Sea_of_Tiberias,ebaf,Tiberíades
,seal,e221,selo
,search,e074,procurar
,secret,e186,secredo
,Secundus,eb1d,Secundo
,seed,e27a,semear
,Seleucia,eb42,Selêucia
,self,ea95,mesmo
,sell,e32b,vender
,Semien,ec9e,Not_found
,send,e075,enviar
,Sergius,eb45,Sérgio
,Serug,ec78,Serugue
,servant,e12d,servo
,serve,e08e,servir
,Seth,ec79,Sete
,seven,e292,sete
,sew,e077,costurar
,sex,ea87,sexo
,shade,e079,sombra
,shake,e27d,agitar
,share,e07a,compartilhar
,Sharon,ec2b,Sarom
,sharp,ebf3,afiado
,shave,eb27,barbear
,Shealtiel,ea68,Sealtiel
,Shechem_city,ec95,Siquém
,sheep,e270,ovelha
,Shelah,ec7a,Selá
,Shem,ec7b,Sem
,Sheol,e0c9,Inferno
,shepherd,e271,pastor
,shield,e388,escudo
,shoe,e12e,sapato
,shout,e149,gritar
,side,e10d,lado
,Sidon_city,e33c,Sidom
,sigh,e047,suspiro
,sign,e0a9,sinal
,Silas,eb41,Silas
,Siloam_city,ebb1,Siloé
,Silvanus,eca9,Silvano
,silver,eb2b,prata
,Simeon,ea47,Simeão
,Simon_Jesus_Brother,ea92,Simão_irmão_de_Jesus
,Simon_of_Cyrene,e37c,Simão_de_Cirene
,Simon_the_Canaanite,e364,Simão_o_Zelote
,Simon_the_Leper,e0f8,Simão_o_Leproso
,sinner,e151,pecador
,sister,e00e,irmã
,sisters,e00f,irmãs
,six,e291,seis
,skull,e20f,crânio
,sky,ec8b,céu
,slave,e10e,escravo
,slow,e19c,lento
,smaller,e32e,menor
,smoke,ec03,fumaça
,smooth,ec9a,suave
,Smyrna,ebf5,Esmirna
,snake,e30c,serpente
,snow,ebfb,neve
,Sodom,ea8e,Sodoma
,soft,e268,suave
,soldier,e12f,soldado
,Solomon,ea32,Salomão
,son,e004,filho
,Son_of_Man,e352,Filho_do_Homem
,sons,e005,filhos
,Sopater,ec20,Sópatro
,sorcery,ec8c,feitiçaria
,Sosthenes,eb3c,Sóstenes
,soul,e10f,alma
,south,ea31,sul
,sow,e07d,semear
,Spain,ebd6,Espanha
,spice,ecfe,apimentar
,spirit,e187,espírito
,spit,e048,cuspir
,sponge,ea18,esponja
,spy,ed07,espião
,Stachys,ebd7,Estáquis
,staff,e14c,pessoal
,stand,e32c,ficar_de_pé
,star,e0c3,estrela
,steal,e07b,roubar
,stem,ea01,haste
,Stephanas,ebea,Estéfanas
,Stephen,eb6b,Estêvão
,stern,e266,severo
,stewardship,e07c,mordomia
,stick,e398,vara
,Stoic,ec06,estóico
,stomach,e0c8,estômago
,stop,e073,parar
,storehouse,ec43,armazém
,storm,e27c,tempestade
,straight,e313,direito
,stranger,e069,desconhecido
,strangled,eb33,estrangulado
,stretch,e31c,esticar
,string,ecc7,corda
,strong,e08a,forte
,stumble,e257,tropeçar
,stumbling_block,ea27,predra_de_tropeço
,suffer,e222,sofrer
,summer,e0c4,verão
,sundown,e161,pôr_do_sol
,Susanna,ec7c,Suzana
,sweet,e30d,doce
,sword,e282,espada
,synagogue,e0b9,sinagoga
,Syntyche,ece6,Síntique
,Syracuse,ec1c,Siracusa
,Syria,e342,Síria
,tabernacle,eb32,tabernáculo
,table,e280,mesa
,tail,ecd6,cauda
,Tamar,ea4e,Tamar
,Tarsus,ec30,Tarso
,taste,ea07,provar
,tax,e02b,imposto
,tax_collector,e12a,coletor_de_imposto
,teach,e04c,ensinar
,teacher,e12b,professor
,teeth,e0b1,dente
,temple,e03d,templo
,tempt,e183,tentado
,ten,e295,dez
,Terah_man,ec7d,Tera
,Tertius,ebee,Tércio
,Tertullus,eb9b,Tértulo
,test,ec21,teste
,testimony,e22e,testemunho
,Thaddaeus,e37b,Tadeu
,them,e125,eles
,Theophilus,eb67,Teófilo
,Thessalonica,eb12,Tessalônica
,Theudas,eb71,Teudas
,thigh,ed0d,coxa
,thing,e105,coisa
,thirst,eccf,sede
,this,e226,esta
,Thomas,e363,Tomé
,thorn,e27b,espinho
,thousand,e296,mil
,three,e28e,três
,threshing,ea39,debulha
,threshing_floor,ec42,eira
,throne,ec84,trono
,throw,e327,lançar
,thunder,e044,trovão
,Thyatira,eb52,Tiatira
,Tiberias_city,ebb0,Tiberíades
,Tiberius_man,ec3d,Tibério
,Timaeus,e36c,Timeu
,time,e16a,tempo
,Timon,ec96,Timão
,Timothy,ec02,Timóteo
,tithe,ed0f,dízimo
,Titus,eb38,Tito
,tongue,e045,língua
,tool,eb34,ferramenta
,touch,e10c,tocar
,tower,e30f,torre
,Trachonitis,ec3f,Traconites
,transfiguration,e31f,transfiguração
,tribe,ea81,tribu
,Troas,ec0b,Trôade
,Trophimus,eb1e,Trófimo
,trouble,e333,problema
,true,e09c,verdadeiro
,trumpet,ea79,trompete
,trust,e023,confiar_em
,try,eb94,experimentar
,Tryphaena,ebd8,Trifena
,Tryphosa,ebd9,Trifosa
,twin,ec1b,gêmeo
,two,e28d,dois
,Tychicus,ecbb,Tíquico
,Tyrannus,eb3f,Tirano
,Tyre,e33b,Tiro
,under,e10a,debaixo
,understand,e063,entender
,unity,e297,unidade
,unleavened,e043,não_levedado
,untie,e37f,desatar
,until,e16c,até
,up,e315,acima
,Urbanus,ebda,Urbano
,Uriah,ea46,Urias
,us,e167,nos
,use,e08d,usar
,Uzziah,ea5f,Uzias
,valley,eba7,vale
,value,e09b,valor
,vendor,e0b4,vendedor
,very,e211,muito
,village,e19a,vila
,vine,ec91,vinho
,vineyard,e27f,vinhedo
,virgin,ea7e,virgem
,voice,e042,voz
,waist,e391,cintura
,wait,ea11,esperar
,walk,e256,caminhar
,wall,e288,parede
,wash,e08b,lavar
,watchman,e0a8,guarda
,watchtower,e23a,atalaia
,water,e247,água
,wave,e328,onda
,weak,ea24,fraco
,weary,ebfe,cansado
,wedding,e011,casamento
,week,ebb2,semana
,weigh,e0e6,pesar
,well,ebb3,bem
,west,ea89,oeste
,what,e109,o_que
,where,e15a,onde
,whip,e310,chicote
,white,e285,branco
,who,e1a1,quem
,why,e067,porque
,wide,ecc4,amplo
,widow,e016,viúva
,wife,e014,esposa
,wild,e17e,selvagem
,wind,e220,vento
,window,e311,janela
,wine,e275,vinho
,wing,eb7d,asa
,winnowing_fork,ec41,garfo_de_tração
,winter,e16b,inverno
,wisdom,e064,sabedoria
,with,e24c,com
,woman,e008,mulher
,wool,ebfa,lã
,word,ebb4,palavra
,Word,ebb8,Palavra
,world,e129,mundo
,worm,ea06,minhoca
,Wormwood,ecd3,absinto
,worse,e182,pior
,wrap,ea19,envolver
,wrath_of_God,e02a,ira_de_Deus
,wrong,ea02,errado
,Yahweh,e0c7,Yahweh_Jeová
,year,e15e,ano
,yellow,ecdb,amarelo
,yoke,eb09,jugo
,you,e314,você
,young,e0f1,jovem
,Zacchaeus,ec7e,Zaqueu
,Zadok,ea6d,Zadoque
,Zarephath,ec7f,Sarepta
,Zebedee,e359,Zebedeu
,Zebulun,ea3f,Zebulom
,Zechariah,ea98,Zacarias
,Zenas,ed09,Zenas
,Zerah,ea4d,Zera
,zero,e28b,zero
,Zerubbabel,ea69,Zorobabel
,Zeus,eb2d,Júpiter
,period,e37e,period
,pos,e390,pos
,pn,ed11,pn
